SamAccountName,City,Department
Administrator,San Jose,Finance
Joshua,Philadelphia,Security
Dayami,San Antonio,Marketing
Gauge,Dallas,Human Resources
Natasha,San Antonio,Executive
Bella,Los Angeles,Marketing
Ean,Chicago,Security
Leah,Los Angeles,Marketing
Blaze,New York City,Operations
Delaney,San Jose,Operations
Kathy,San Jose,Security
Jaylan,Los Angeles,Legal
Madalynn,Houston,Operations
Philip,Houston,Marketing
Rogelio,San Antonio,Finance
Eva,Dallas,Human Resources
Kaya,San Jose,Security
Mara,San Jose,Information Technology
Zayne,Dallas,Human Resources
Freddy,Phoenix,Marketing
Darien,San Jose,Legal
Jadiel,Dallas,Legal
Catherine,San Jose,Executive
Gunnar,Dallas,Executive
Nathaniel,San Diego,Information Technology
Alicia,Philadelphia,Executive
Warren,San Diego,Marketing
Victoria,San Antonio,Sales
Carsen,Houston,Sales
Aniyah,San Diego,Legal
Camilla,Chicago,Operations
Lilly,Dallas,Information Technology
Christina,Phoenix,Human Resources
Samara,Phoenix,Operations
Desmond,New York City,Maintenance
Erin,San Jose,Marketing
Wendy,Chicago,Security
Jaylin,Philadelphia,Legal
Marin,Chicago,Human Resources
Ashanti,San Diego,Security
Kingston,Los Angeles,Operations
Sasha,San Diego,Sales
Zander,New York City,Security
Roy,San Diego,Sales
Agustin,San Jose,Human Resources
Donovan,San Diego,Marketing
Donna,San Antonio,Finance
Anastasia,Los Angeles,Operations
Marina,Houston,Security
Isis,New York City,Legal
Perla,Phoenix,Operations
Maurice,Houston,Information Technology
Travis,Los Angeles,Legal
Amiya,New York City,Marketing
Memphis,San Diego,Human Resources
Denisse,San Jose,Finance
Nadia,Houston,Legal
Tabitha,Los Angeles,Sales
Sebastian,New York City,Executive
Nikhil,San Diego,Operations
Jennifer,Los Angeles,Sales
Tori,Houston,Maintenance
Britney,Houston,Operations
Fernando,San Jose,Human Resources
Cristal,Houston,Executive
Glenn,San Diego,Information Technology
Erik,Chicago,Marketing
Kaiya,Phoenix,Human Resources
Simeon,Los Angeles,Legal
Cailyn,San Antonio,Maintenance
Lara,Chicago,Legal
Ashton,San Antonio,Operations
Ashtyn,Los Angeles,Maintenance
Jamarcus,New York City,Information Technology
John,Philadelphia,Legal
Steve,New York City,Legal
Ari,Philadelphia,Information Technology
Manuel,Dallas,Maintenance
Summer,New York City,Legal
Jalen,Philadelphia,Security
Janiah,San Diego,Maintenance
Coleman,New York City,Marketing
Armando,Phoenix,Executive
Matthias,San Diego,Information Technology
Julissa,Philadelphia,Information Technology
Katrina,Houston,Marketing
Easton,Houston,Finance
Maren,Los Angeles,Human Resources
Ishaan,New York City,Information Technology
Morgan,Houston,Finance
Carlee,Los Angeles,Executive
Giselle,Phoenix,Marketing
Gracelyn,Phoenix,Security
Walker,Chicago,Information Technology
Marvin,Philadelphia,Executive
Judith,Philadelphia,Finance
Javion,Houston,Maintenance
Kamren,Chicago,Security
Seth,San Jose,Finance
Grayson,Philadelphia,Legal
